<?xml version="1.0" encoding="UTF-8"?>
<project-private xmlns="http://www.netbeans.org/ns/project-private/1">
    <editor-bookmarks xmlns="http://www.netbeans.org/ns/editor-bookmarks/1"/>
    <editor-bookmarks xmlns="http://www.netbeans.org/ns/editor-bookmarks/2" lastBookmarkId="0"/>
    <open-files xmlns="http://www.netbeans.org/ns/projectui-open-files/2">
        <group>
            <file>file:/J:/xampp/htdocs/gulingcms/application/views/admin/form_edit_post.php</file>
            <file>file:/J:/xampp/htdocs/gulingcms/application/views/admin/posts.php</file>
            <file>file:/J:/xampp/htdocs/gulingcms/application/views/tags.php</file>
            <file>file:/J:/xampp/htdocs/gulingcms/application/controllers/web.php</file>
            <file>file:/J:/xampp/htdocs/gulingcms/themes/sb-admin/index.php</file>
            <file>file:/J:/xampp/htdocs/gulingcms/application/views/posts.php</file>
            <file>file:/J:/xampp/htdocs/gulingcms/application/controllers/admin.php</file>
            <file>file:/J:/xampp/htdocs/gulingcms/application/models/Tag.php</file>
            <file>file:/J:/xampp/htdocs/gulingcms/application/views/admin/nav.php</file>
        </group>
    </open-files>
</project-private>
